date;minimum;median;maximum;items
2018-05-12;1921.65;3042.35;4491.28;153
2018-05-18;1946.88;3078.88;4524.23;153
2018-05-20;1949.33;3080.88;4519.2;153
2018-05-21;1952.54;3088.53;4526.8;153
2018-05-23;1948.48;3083.67;4605.54;153
2018-05-24;1954.59;3093.63;4617;153
2018-05-25;1952.36;3088.95;4610.64;153
2018-05-26;1959.69;3101.69;4630.58;153
2018-05-27;1954.62;3093.02;4614.06;153
2018-05-28;1945.67;3078.97;4594.15;153
2018-05-29;1965.02;3109.8;4644.32;153
2018-05-30;1982.94;3120.53;4653.46;153
2018-06-01;1964.48;3092.93;4614.1;153
2018-06-02;1965.84;3095.06;4623.65;153
2018-06-03;1965.84;3095.26;4623.95;153
2018-06-05;1950.23;3087.23;4618.47;153
2018-06-06;1949.2;3083.86;4572.97;153
2018-06-09;1947.05;3083.69;4577.57;153
2018-06-10;1943.99;3048.94;4566.5;153
2018-06-11;1940.44;3043.92;4561.61;153
2018-06-12;1945.44;3051.31;4570.47;153
2018-06-13;1942.33;3046.37;4561.27;153
2018-06-14;1939.37;3042.58;4557.67;153
2018-06-15;1978.95;3104.86;4650.85;153
2018-06-17;1958.57;3062.29;4579.56;153
2018-06-18;1960.05;3064.34;4582.78;153
2018-06-20;1962.73;3068.36;4589.37;153
2018-06-22;1957.26;3053.16;4570.99;153
2018-06-23;1951.59;3044.32;4557.74;153
2018-06-24;1951.59;3044.32;4557.74;153
2018-06-25;1950.88;3043.17;4556.28;153
2018-06-26;1941.16;3028.04;4545.73;153
2018-06-27;1950.96;3043.28;4569.67;153
2018-06-28;1966.91;3068.18;4607.02;153
2018-06-29;1946.92;3043.27;4566.82;154
2018-07-02;1941.59;3046.08;4570.46;154
2018-07-03;1943.94;3049.7;4573.9;154
2018-07-08;1937.48;3018.98;4571.24;154
2018-07-10;1923.85;2993.71;4533.04;154
2018-07-13;1937.92;3013.92;4566.23;155
2018-07-14;1933.14;3006.43;4555.03;155
2018-07-16;1933.14;3006.43;4555.03;155
2018-07-17;1928.29;2989.11;4544.51;155
2018-07-18;1940.45;3007.97;4573.22;155
2018-07-24;1934.4;2999.48;4559.33;155
2018-07-25;1944.59;3025.9;4604.57;157
2018-07-29;1954.51;3039.94;4622.26;157
2018-08-03;1954.3;3043.63;4640.79;157
2018-08-04;1954.28;3043.72;4640.94;157
2018-08-08;1954.23;3043.66;4641.53;157
2018-08-10;1952.8;3079.3;4712.11;159
2018-08-11;1953.72;3082.72;4714.14;159
2018-08-14;1952.75;3081.53;4713.5;159
2018-08-18;1951.02;3081.47;4713.37;160
2018-08-21;1950.97;3081.42;4711.54;160
2018-08-28;1944.35;3074.31;4722.12;160
2018-09-04;1943.04;3069.43;4724.2;160
2018-09-08;1946.87;3067.9;4739.95;160
2018-09-16;1948.73;3070.18;4737.1;160
2018-09-22;1933;3040.43;4689.97;162
2018-09-28;1952.32;3075.15;4750.59;162
2018-10-08;1981.81;3110.39;4843.69;162
2018-10-10;1980.5;3105.66;4830.76;163
2018-10-13;1959.6;3069.13;4774.61;163
2018-10-21;1986.91;3102.77;4829.29;163
2018-10-29;2015.17;3137.71;4881.51;163
2018-11-03;2183.44;3235.83;4974.85;163
2018-11-04;2183.53;3234.58;4975.15;163
2018-11-09;2182.39;3234.19;4965.61;163
2018-11-18;2181.38;3235.85;4968.27;163
2018-11-25;2160.08;3231.56;4967.87;163
2018-11-29;2159.34;3228.1;4963.07;165
2018-12-06;2128.6;3223.26;4968.27;165
2018-12-08;2121.7;3223.69;4967.94;166
2018-12-22;2112.01;3219.86;4978.87;167
2018-12-28;2098.15;3186.15;4929.59;167
2019-01-01;2110.86;3211.85;4952.84;168
2019-01-05;2139.65;3256.13;5035.05;169
2019-01-12;2114.71;3222.57;5000.28;169
2019-01-16;2139.29;3244.48;5030.03;169
2019-01-19;2171.56;3286.24;5094.13;169
2019-01-25;2165.41;3292.53;5109.74;169
2019-02-10;2180.82;3309.26;5151.84;169
2019-02-13;2180.25;3319.75;5174.98;172
2019-02-16;2202.54;3354.07;5230.15;172
2019-02-27;2226.05;3367.84;5207.07;172
2019-03-06;2253.41;3407.2;5262.91;172
2019-03-17;2224.08;3374.07;5200.17;172
2019-03-23;2215.4;3363.84;5204.27;173
2019-03-30;2279.35;3435.55;5299.25;173
2019-04-06;2290.23;3460.05;5357.79;174
2019-04-17;2257.96;3421.7;5297.24;174
2019-04-28;2330.71;3523.33;5443.21;175
2019-05-05;2296.95;3507.98;5373.69;175
2019-05-11;2292.36;3502.59;5392.37;175
2019-05-23;2343.95;3570.89;5484.96;176
2019-06-02;2359.58;3574.32;5452.09;177
2019-06-14;2386.58;3579.06;5443.19;177
2019-07-03;2409.51;3612.53;5476.1;177
2019-07-13;2404.33;3634.6;5459.02;177
2019-08-02;2432;3667;5482;177
2019-08-15;2427.21;3665.12;5529.59;177
2019-08-31;2421.14;3668.79;5569.36;177
2019-09-14;2417;3650;5580;177
2019-09-26;2446.18;3687.61;5636.73;177
2019-10-15;2447.21;3654.39;5651.79;178
2019-10-31;2425;3607;5643;178
2019-11-08;2459;3675;5691;179
2019-11-27;2440;3705;5713;179
2019-11-30;2440.36;3705.47;5715.65;179
2019-12-23;2421.88;3638.36;5670.17;180
2020-01-02;2382.32;3602.17;5609.72;180
2020-01-11;2445.73;3673.65;5702.18;180
2020-01-22;2446.6;3671.03;5704.86;180
2020-01-29;2473;3710;5759;180
2020-02-22;2491;3748;5805;180
2020-02-29;2460;3703;5733;180
2020-03-22;2535;3790;5803;180
2020-03-28;2467.61;3684.38;5634.2;180
2020-04-05;2543.1;3797.39;5817.15;180
2020-04-18;2499.48;3748.76;5742.24;180
2020-04-25;2510.26;3752.2;5762.74;180
2020-05-09;2461.59;3689.41;5700.12;180
2020-05-16;2483.67;3710.66;5735.26;180
2020-05-22;2491;3696;5809;180
2020-05-31;2465;3652;5732;180
2020-06-07;2446.84;3622.77;5682.89;180
2020-06-17;2452.21;3626.35;5716.38;181
2020-06-25;2463.62;3647.19;5731.05;181
2020-07-05;2468.45;3651.24;5725.36;181
2020-07-12;2432.31;2656.08;5711.53;181
2020-07-25;2369.82;3550.93;5569.65;181
2020-08-07;2332.15;3471.16;5636.5;181
2020-08-31;2370.89;3520.68;5731.78;181
2020-09-09;2410.9;3578.62;5829.87;182
2020-10-03;2395.22;3591.76;5824.77;183
2020-10-11;2004.39;3591.2;5856.72;184
2020-10-17;2399;3597.82;5871.92;184
2020-10-26;2411.61;3598.82;5847.92;184
2020-11-03;2458.7;3661.85;5976.05;184
2020-11-10;2422.08;3612;5891.14;184
2020-11-16;2404.26;3585.3;5855.37;184
2020-11-25;2409.12;3587.26;5835.88;184
2020-11-28;2413.44;3593.34;5857.26;184
2020-12-05;2346.6;3512.59;5728.53;184
2020-12-12;2373.07;3577.07;5792.34;184
2020-12-19;2351.09;3548.52;5751.83;186
2020-12-29;2351.73;3560.01;5792.53;186
2021-01-01;2346;3590;5832;186
2021-01-06;2317.07;3554.8;5781.3;186
2021-01-14;2351.05;3609.87;5884.03;186
2021-01-21;2353.33;3619.79;5900.88;186
2021-02-6;2290.4;3714.48;6019.43;186

2021-02-13;2294.31;3716.39;6031.05;187
2021-02-14;2294.31;3716.39;6031.05;187
2021-02-15;2266.67;3671.61;5958.39;187
2021-02-16;2267.7;3670.46;5958.54;187
2021-02-17;2295.35;3715.23;6031.82;187
2021-02-18;2303.58;3735.92;6072.48;187
2021-02-19;2303.58;3735.92;6072.48;187
2021-02-20;2303.66;3741.15;6064.61;187
2021-02-21;2303.56;3741.74;6061.41;187
2021-02-22;2294.31;3726.72;6037.07;187
2021-02-23;2276.28;3697.27;5988.77;187
2021-02-24;2276.32;3697.81;5989.39;187
2021-02-25;2276.31;3697.8;5989.38;187
2021-02-26;2276.31;3697.8;5989.38;187
2021-02-27;2304.07;3742.43;6062.42;187
2021-02-28;2305.6;3747.16;6062.24;187
2021-03-01;2325.51;3767.18;6088.73;188
2021-03-02;2321.36;3767.74;6140.56;188
2021-03-03;2313.3;3768.31;6143.59;188
2021-03-04;2316.75;3772.81;6163.58;188
2021-03-05;2342.17;3822.83;6287.92;188
2021-03-06;2350.62;3829.23;6290.73;189
2021-03-07;2350.68;3829.27;6289.54;189
2021-03-08;2354.5;3834.95;6311.59;190
2021-03-09;2354.5;3836.63;6318.39;190
2021-03-10;2384.11;3871.9;6373.05;192
2021-03-11;2382.49;3871.28;6373.05;192
2021-03-12;2373.04;3856.5;6347.77;192
2021-03-13;2382.6;3871.87;6372.48;192
2021-03-14;2381.99;3872.36;6373.02;192
2021-03-15;2385.39;3874.24;6332.95;192
2021-03-16;2385.39;3874.98;6334.38;192
2021-03-17;2385.39;3873.98;6334.38;192
2021-03-18;2385.4;3873.99;6334.4;192
2021-03-19;2385.4;3873.99;6334.4;192
2021-03-20;2414.31;3903.63;6352.85;192
2021-03-21;2413.81;3904.73;6351.86;192
2021-03-22;2419.29;3915.18;6361.88;193
2021-03-23;2420.7;3924.66;6369.0;194
2021-03-24;2420.7;3924.65;6369.0;194
2021-03-25;2449.49;3970.7;6464.02;194
2021-03-26;2451.83;3969.61;6467.62;194
2021-03-27;2451.83;3970.3;6467.28;194
2021-03-28;2451.72;3967.51;6465.65;194
2021-03-30;2452.32;3967.57;6467.1;194
2021-03-30;2452.32;3966.87;6470.65;194
2021-03-31;2486.48;4001.53;6504.65;194
2021-04-01;2486.81;4000.25;6503.59;194
2021-04-02;2488.73;4002.3;6505.89;194
2021-04-03;2491.63;4005.53;6509.65;194
2021-04-04;2491.63;4005.53;6509.65;194
2021-04-05;2489.34;4041.82;6492.37;194
2021-04-06;2488.02;4035.34;6461.76;194
2021-04-07;2458.74;3987.81;6384.92;194
2021-04-08;2458.75;3987.83;6384.94;194
2021-04-09;2458.78;3988.41;6386.03;194
2021-04-10;2457.65;3990.07;6384.23;194
2021-04-11;2461.46;3991.98;6381.97;194
2021-04-12;2461.46;3991.98;6381.97;197
2021-04-13;2461.46;3991.98;6381.97;197
2021-04-14;2461.46;3991.61;6381.97;197
2021-04-15;2479.34;3992.44;6382.79;197
2021-04-16;2479.16;3990.76;6381.83;197
2021-04-17;2449.66;3943.26;6305.88;197
2021-04-18;2449.66;3943.08;6305.05;197
2021-04-19;2479.17;3993.12;6379.48;197
2021-04-20;2450.14;3951.83;6305.17;197
2021-04-21;2449.41;3953.11;6304.62;197
2021-04-22;2460.9;3967.2;6325.07;198
2021-04-23;2460.9;3967.6;6325.07;198
2021-04-24;2454.09;3966.49;6326.82;198
2021-04-25;2450.86;3968.76;6337.06;198
2021-04-26;2451.75;3998.22;6423.37;198
2021-04-27;2451.86;3999.77;6418.87;198
2021-04-28;2452.08;4004.03;6425.4;198
2021-04-29;2422.54;3955.42;6343.95;198
2021-04-30;2452.57;4003.69;6422.34;198
2021-05-01;2452.53;4004.86;6422.65;198
2021-05-02;2453.14;4004.93;6403.08;198
2021-05-03;2488.83;4041.46;6446.51;198
2021-05-04;2500.03;4048.37;6450.09;198
2021-05-05;2501.41;4047.16;6450.52;198
2021-05-06;2513.3;4060.75;6464.75;199
2021-05-07;2513.3;4061.13;6464.74;199
2021-05-08;2483.01;4012.7;6387.12;199
2021-05-09;2483.08;4012.82;6387.73;199
2021-05-10;2483.49;4015.52;6386.65;199
2021-05-11;2515.99;4031.81;6410.96;199
2021-05-12;2515.99;4031.36;6418.07;199
2021-05-13;2546.83;4082.44;6489.25;199
2021-05-14;2546.82;4081.86;6488.13;199
2021-05-15;2516.51;4032.34;6381.56;199
2021-05-16;2517.0;4033.16;6383.89;199
2021-05-17;2519.46;4034.62;6382.23;199
2021-05-19;2512.9;4034.99;6393.24;199
2021-05-19;2513.04;4035.72;6393.54;199
2021-05-20;2516.29;4036.25;6407.7;199
2021-05-21;2520.12;4039.76;6413.72;199
2021-05-22;2524.78;4040.08;6413.72;199
2021-05-23;2524.78;4040.08;6413.72;199
2021-05-24;2524.97;4040.73;6414.13;199
2021-05-25;2525.36;4047.05;6424.42;199
2021-05-26;2525.52;4047.05;6424.42;199
2021-05-27;2525.52;4047.04;6424.41;199
2021-05-28;2545.58;4072.52;6460.81;200
2021-05-29;2545.97;4075.53;6461.87;200
2021-05-30;2545.97;4075.53;6461.86;200
2021-05-31;2545.97;4075.53;6461.86;200
2021-06-01;2546.0;4080.47;6463.9;200
2021-06-02;2550.82;4082.27;6475.67;200
2021-06-03;2550.82;4082.59;6475.66;200
2021-06-04;2571.55;4115.37;6528.25;200
2021-06-05;2552.06;4082.87;6479.25;200
2021-06-06;2546.71;4081.4;6489.76;200
2021-06-07;2548.4;4086.93;6490.24;200
2021-06-08;2548.39;4087.12;6490.23;200
2021-06-09;2549.11;4089.86;6491.23;200
2021-06-10;2549.11;4089.94;6475.9;200
2021-06-11;2549.11;4090.65;6476.16;200
2021-06-12;2580.19;4140.54;6555.14;200
2021-06-13;2580.19;4140.54;6555.14;200
2021-06-14;2579.89;4140.65;6557.99;200
2021-06-15;2563.87;4111.77;6506.8;200
2021-06-16;2563.79;4116.86;6517.95;200
2021-06-17;2584.67;4151.56;6606.18;200
2021-06-18;2656.64;4241.79;6727.12;201
2021-06-19;2656.61;4241.57;6726.87;201
2021-06-20;2661.56;4242.16;6779.9;201
2021-06-21;2658.24;4236.36;6741.84;201
2021-06-22;2658.97;4237.79;6741.23;201
2021-06-23;2657.25;4237.59;6740.99;202
2021-06-24;2657.21;4235.44;6738.99;202
2021-06-25;2656.48;4238.12;6743.88;202
2021-06-26;2656.48;4238.12;6743.88;202
2021-06-27;2656.48;4238.12;6743.88;202
2021-06-28;2655.12;4237.31;6737.23;202
2021-06-29;2655.0;4238.07;6737.23;202
2021-06-30;2655.0;4238.36;6737.23;202
2021-07-01;2655.0;4238.36;6737.23;202
2021-07-02;2654.61;4242.75;6736.01;202
2021-07-03;2656.71;4242.75;6735.74;202
2021-07-04;2656.48;4235.21;6729.74;202
2021-07-05;2655.12;4233.58;6728.78;202
2021-07-06;2655.03;4233.53;6742.72;202
2021-07-07;2686.65;4283.95;6823.01;202
2021-07-08;2684.95;4283.56;6822.72;202
2021-07-09;2663.33;4249.88;6778.03;202
2021-07-10;2652.42;4230.86;6762.05;202
2021-07-12;2644.03;4233.64;6745.94;202
2021-07-12;2644.02;4233.79;6741.9;202
2021-07-13;2644.08;4245.98;6742.35;202
2021-07-14;2665.08;4279.7;6795.9;202
2021-07-15;2662.1;4261.86;6763.62;202
2021-07-16;2683.14;4295.57;6826.47;202
2021-07-18;2683.14;4295.57;6826.47;202
2021-07-18;2689.08;4300.33;6833.1;202
2021-07-19;2689.08;4300.33;6833.1;202
2021-07-20;2688.42;4300.84;6839.3;202
2021-07-21;2688.42;4300.84;6839.3;202
2021-07-22;2688.42;4300.84;6839.3;202
2021-07-24;2688.42;4300.84;6839.3;202
2021-07-24;2688.42;4301.11;6839.91;202
2021-07-25;2688.37;4300.51;6882.33;202
2021-07-26;2687.89;4301.12;6881.51;202
2021-07-27;2687.89;4301.12;6881.51;202
2021-07-28;2687.46;4305.16;6881.36;202
2021-07-29;2666.38;4270.28;6827.39;202
2021-07-30;2658.67;4253.41;6800.38;202
2021-07-31;2658.68;4253.43;6801.34;202
2021-08-01;2657.86;4252.32;6797.15;202
2021-08-02;2658.98;4252.69;6797.3;202
2021-08-03;2658.99;4253.27;6797.3;202
2021-08-04;2658.99;4253.27;6797.3;202
2021-08-05;2670.06;4255.02;6800.23;202
2021-08-06;2691.4;4289.2;6853.85;202
2021-08-07;2701.99;4306.08;6880.65;202
2021-08-08;2701.99;4306.08;6880.56;202
2021-08-09;2702.4;4306.72;6878.95;202
2021-08-10;2701.11;4307.45;6878.75;202
2021-08-11;2701.11;4305.81;6878.44;202
2021-08-12;2701.11;4305.81;6878.44;202
2021-08-13;2701.11;4305.81;6878.44;202
2021-08-14;2701.11;4305.81;6878.44;202
2021-08-15;2701.11;4305.81;6875.45;202
2021-08-16;2699.5;4305.23;6891.72;202
2021-08-18;2699.5;4305.23;6891.72;202
2021-08-18;2699.5;4305.23;6891.72;202
2021-08-20;2711.71;4339.0;6943.39;202
2021-08-21;2701.12;4323.12;6916.12;202
2021-08-22;2690.57;4306.24;6889.11;202
2021-08-23;2690.57;4306.24;6889.11;202
2021-08-24;2690.57;4306.24;6889.11;202
2021-08-25;2690.57;4305.91;6888.62;202
2021-08-26;2691.91;4302.01;6887.51;202
2021-08-27;2691.91;4302.56;6887.51;202
2021-08-29;2691.91;4302.56;6887.51;202
2021-08-30;2691.91;4302.43;6887.51;202
2021-09-01;2675.03;4285.78;6855.6;202
2021-09-02;2667.9;4270.09;6825.29;202
2021-09-03;2657.34;4251.66;6798.28;202
2021-09-04;2657.35;4253.55;6798.65;202
2021-09-05;2659.27;4256.86;6797.18;202
2021-09-06;2659.42;4256.87;6807.56;202
2021-09-07;2659.41;4256.69;6807.53;202
2021-09-08;2669.98;4273.6;6834.58;202
2021-09-09;2691.08;4307.38;6888.6;202
2021-09-10;2680.53;4290.21;6861.87;202
2021-09-11;2691.08;4305.42;6887.62;202
2021-09-12;2691.08;4306.64;6879.18;202
2021-09-13;2691.07;4307.15;6881.4;202
2021-09-14;2690.83;4311.13;6875.44;202
2021-09-15;2690.74;4310.06;6875.25;202
2021-09-16;2690.7;4308.36;6879.85;202
2021-09-17;2690.7;4308.9;6879.85;202
2021-09-18;2690.7;4308.9;6879.85;202
2021-09-19;2690.7;4308.9;6879.85;202
2021-09-20;2691.24;4308.64;6879.85;202
2021-09-21;2691.95;4303.8;6879.46;202
2021-09-22;2691.95;4309.15;6879.46;202
2021-09-23;2691.95;4312.15;6887.96;202
2021-09-24;2691.95;4311.22;6887.96;202
2021-09-25;2691.57;4311.09;6888.73;202
2021-09-26;2691.51;4310.96;6888.55;202
2021-09-27;2691.51;4310.96;6888.55;202
2021-09-28;2701.91;4327.68;6915.15;202
2021-09-29;2720.17;4359.17;6967.4;202
2021-09-30;2720.17;4359.17;6967.41;202
2021-10-01;2721.81;4357.29;6978.32;202
2021-10-02;2723.16;4353.87;6975.22;202
2021-10-03;2723.16;4353.87;6975.22;202
2021-10-04;2723.16;4356.57;6975.22;202
2021-10-05;2722.33;4355.29;6973.0;202
2021-10-06;2725.0;4356.23;6972.89;202
2021-10-07;2745.99;4388.67;7026.51;202
2021-10-08;2745.49;4388.83;7024.91;202
2021-10-10;2733.93;4371.69;6997.22;202
2021-10-10;2722.38;4354.15;6968.32;202
2021-10-11;2722.38;4350.36;6967.17;202
2021-10-12;2722.38;4350.59;6963.71;202
2021-10-13;2753.49;4402.66;7045.5;202
2021-10-14;2732.39;4368.07;6991.5;202
2021-10-15;2721.67;4351.09;6964.21;202
2021-10-17;2721.67;4350.0;6964.2;202
2021-10-17;2721.67;4350.0;6964.2;202
2021-10-18;2721.7;4350.07;6964.3;202
2021-10-19;2721.56;4349.99;6963.95;202
2021-10-20;2721.46;4348.88;6963.12;202
2021-10-21;2721.85;4349.98;6965.74;202
2021-10-22;2721.85;4349.55;6964.95;202
2021-10-23;2721.85;4349.54;6964.94;202
2021-10-24;2721.92;4347.29;6964.94;202
2021-10-25;2721.92;4348.14;6964.29;202
2021-10-26;2721.92;4348.14;6967.76;202
2021-10-27;2721.92;4348.14;6967.77;202
2021-10-28;2721.9;4348.1;6966.03;202
2021-10-29;2721.9;4348.1;6966.03;202
2021-10-30;2721.9;4348.1;6966.03;202
2021-10-31;2721.9;4348.62;6969.03;202
2021-11-01;2740.39;4369.89;6997.38;202
2021-11-02;2729.48;4351.82;6969.85;203
2021-11-03;2729.48;4351.82;6976.71;203
2021-11-04;2729.48;4353.11;6975.32;203
2021-11-05;2756.4;4399.83;7070.34;203
2021-11-06;2755.8;4409.32;7405.7;203
2021-11-07;2755.77;4408.72;7413.87;203
2021-11-08;2745.21;4392.5;7384.51;203
2021-11-09;2724.1;4358.13;7327.16;203
2021-11-10;2724.03;4356.29;7325.86;203
2021-11-11;2750.78;4396.41;7380.74;203
2021-11-12;2761.42;4412.72;7409.25;203
2021-11-13;2761.43;4411.0;7391.84;203
2021-11-14;2761.43;4411.0;7393.15;203
2021-11-15;2760.45;4412.1;7394.0;203
2021-11-16;2781.61;4445.91;7450.66;203
2021-11-17;2801.66;4478.77;7505.33;203
2021-11-18;2791.11;4461.9;7477.07;203
2021-11-19;2790.79;4458.96;7476.25;203
2021-11-20;2811.92;4493.08;7537.34;203
2021-11-21;2822.44;4509.52;7563.91;203
2021-11-22;2822.44;4509.52;7563.91;203
2021-11-23;2823.01;4508.09;7562.0;203
2021-11-24;2823.01;4508.09;7562.0;203
2021-11-25;2822.82;4508.06;7561.0;203
2021-11-26;2822.36;4507.11;7560.43;203
2021-11-27;2801.21;4473.35;7503.79;203
2021-11-28;2790.3;4454.26;7475.48;203
2021-11-29;2811.49;4488.01;7532.11;203
2021-11-30;2800.83;4470.99;7503.46;203
2021-12-01;2795.24;4456.62;7467.96;203
2021-12-02;2794.45;4455.41;7469.1;203
2021-12-03;2814.25;4487.15;7522.43;203
2021-12-04;2803.67;4470.73;7494.15;203
2021-12-05;2792.47;4451.49;7466.27;203
2021-12-06;2814.83;4482.85;7513.56;203
2021-12-07;2825.37;4499.89;7541.69;203
2021-12-08;2825.37;4499.9;7541.69;203
2021-12-09;2803.62;4466.19;7485.21;203
2021-12-10;2814.22;4483.1;7513.5;203
2021-12-11;2800.15;4469.6;7485.66;203
2021-12-12;2792.92;4454.92;7460.58;203
2021-12-13;2814.93;4487.35;7516.47;203
2021-12-14;2821.89;4502.27;7545.38;203
2021-12-15;2821.88;4501.83;7531.61;203
2021-12-16;2825.38;4501.61;7531.26;203
2021-12-17;2793.64;4452.04;7446.27;203
2021-12-18;2814.75;4487.51;7506.79;203
2021-12-19;2825.33;4504.29;7534.41;203
2021-12-20;2824.76;4503.37;7534.27;203
2021-12-21;2824.76;4507.6;7522.17;203
2021-12-22;2823.18;4506.34;7518.74;203
2021-12-23;2802.03;4477.89;7462.8;203
2021-12-24;2791.46;4461.11;7432.42;203
2021-12-25;2789.44;4462.82;7426.81;203
2021-12-26;2788.65;4462.82;7424.95;203
2021-12-27;2789.1;4462.58;7426.03;203
2021-12-28;2789.1;4462.15;7426.03;203
2021-12-29;2789.15;4462.36;7434.89;203
2021-12-30;2799.26;4480.04;7463.86;203
2021-12-31;2788.51;4463.77;7435.42;203
2022-01-01;2787.36;4459.07;7427.83;203
2022-01-02;2787.36;4454.08;7428.36;203
2022-01-03;2787.15;4453.17;7435.74;203
2022-01-04;2785.86;4454.95;7433.87;203
2022-01-05;2816.48;4503.1;7520.69;204
2022-01-06;2784.77;4452.25;7435.7;204
2022-01-07;2794.69;4470.54;7473.38;204
2022-01-08;2783.67;4450.35;7456.97;204
2022-01-09;2783.01;4446.64;7456.97;204
2022-01-10;2781.12;4445.93;7444.55;204
2022-01-11;2781.13;4445.94;7444.57;204
2022-01-12;2781.23;4445.98;7444.85;204
2022-01-13;2760.4;4416.36;7381.63;204
2022-01-14;2750.15;4394.22;7374.5;204
2022-01-15;2771.33;4428.97;7457.53;204
2022-01-16;2781.62;4449.98;7480.87;204
2022-01-17;2781.14;4441.38;7479.3;204
2022-01-18;2780.81;4443.81;7479.86;204
2022-01-19;2778.27;4446.45;7496.03;204
2022-01-20;2778.51;4446.83;7496.23;204
2022-01-21;2778.51;4447.06;7496.4;204
2022-01-22;2778.49;4447.25;7496.9;204
2022-01-23;2778.49;4447.69;7549.69;204
2022-01-24;2778.34;4446.76;7584.93;204
2022-01-25;2778.78;4446.77;7589.09;204
2022-01-26;2779.3;4446.54;7589.12;204
2022-01-27;2810.86;4507.25;7674.72;204
2022-01-28;2831.93;4541.23;7749.47;204
2022-01-29;2842.46;4556.32;7778.28;204
2022-01-30;2841.81;4555.14;7775.16;204
2022-01-31;2840.7;4552.49;7774.62;204
2022-02-01;2808.72;4498.31;7687.92;204
2022-02-02;2808.29;4497.15;7682.57;204
2022-02-03;2786.4;4462.54;7640.14;204
2022-02-04;2765.39;4428.9;7582.54;204
2022-02-05;2744.33;4395.18;7524.81;204
2022-02-06;2744.62;4394.67;7525.33;204
2022-02-07;2744.6;4395.25;7525.86;204
2022-02-08;2765.65;4428.95;7583.57;205
2022-02-09;2774.7;4443.6;7609.7;206
2022-02-10;2774.7;4443.6;7609.7;206
2022-02-11;2766.51;4427.37;7586.48;206
2022-02-12;2777.02;4444.2;7615.33;206
2022-02-13;2776.79;4445.91;7616.23;206
2022-02-14;2776.38;4447.04;7573.71;206
2022-02-15;2776.69;4444.05;7573.87;206
2022-02-16;2774.04;4472.68;7617.42;206
2022-02-17;2774.03;4472.67;7617.39;206
2022-02-18;2774.57;4479.09;7620.94;206
2022-02-19;2774.56;4480.77;7624.9;206
2022-02-20;2774.56;4480.77;7624.9;206
2022-02-21;2774.56;4480.77;7624.72;206
2022-02-22;2774.56;4480.77;7624.72;206
2022-02-23;2774.56;4480.77;7624.72;206
2022-02-24;2795.58;4514.72;7682.48;207
2022-02-25;2806.08;4531.61;7711.1;207
2022-02-26;2797.21;4519.43;7680.97;207
2022-02-27;2795.33;4518.68;7663.48;207
2022-02-28;2812.72;4548.8;7719.63;207
2022-03-01;2787.96;4507.87;7662.77;207
2022-03-02;2811.94;4546.23;7727.4;207
2022-03-03;2818.85;4556.28;7747.21;207
2022-03-04;2837.56;4586.53;7797.31;207
2022-03-05;2844.65;4605.81;7880.25;207
2022-03-06;2854.12;4620.43;7906.52;207
2022-03-07;2868.2;4645.58;7948.4;209
2022-03-08;2861.92;4659.95;7972.8;209
2022-03-09;2861.62;4659.52;7982.57;209
2022-03-10;2818.92;4590.66;7866.79;209
2022-03-11;2829.5;4607.85;7895.71;209
2022-03-12;2850.23;4642.02;7954.11;209
2022-03-13;2860.38;4658.9;7982.86;209
2022-03-14;2860.38;4658.9;7982.86;209
2022-03-15;2829.21;4612.39;7890.98;209
2022-03-16;2828.73;4615.46;7890.93;209
2022-03-17;2828.32;4614.95;7889.94;209
2022-03-18;2807.6;4578.61;7831.95;209
2022-03-19;2794.19;4559.8;7806.01;209
2022-03-20;2794.42;4559.77;7806.19;209
2022-03-21;2814.85;4591.61;7863.51;209
2022-03-22;2814.85;4589.45;7863.66;209
2022-03-23;2824.68;4606.92;7891.0;209
2022-03-24;2824.68;4604.67;7891.01;209
2022-03-25;2824.68;4604.67;7891.0;209
2022-03-26;2824.68;4604.19;7891.0;209
2022-03-27;2824.63;4604.35;7890.56;209
2022-03-28;2824.84;4604.13;7896.56;209
2022-03-29;2821.9;4604.28;7896.8;209
2022-03-30;2801.23;4572.21;7839.1;209
2022-03-31;2791.03;4558.23;7810.82;209
2022-04-01;2790.66;4557.55;7810.05;209
2022-04-02;2823.43;4603.4;7879.99;209
2022-04-03;2833.8;4623.15;7909.51;209
2022-04-04;2812.79;4591.83;7861.94;209
2022-04-05;2833.63;4623.53;7923.86;209
2022-04-06;2853.31;4657.29;7981.62;209
2022-04-07;2863.69;4676.04;8011.66;209
2022-04-08;2861.48;4675.15;8014.41;209
2022-04-09;2861.48;4675.9;8014.41;209
2022-04-10;2861.27;4675.45;8013.8;209
2022-04-11;2861.27;4675.45;8013.8;209
2022-04-12;2861.27;4675.45;8013.85;209
2022-04-13;2855.4;4676.11;8011.86;209
2022-04-14;2855.23;4676.75;8012.25;209
2022-04-16;2853.63;4676.14;8011.76;209
2022-04-15;2853.63;4676.14;8011.76;209
2022-04-16;2853.68;4672.9;8076.29;209
2022-04-17;2852.87;4668.08;8090.68;209
2022-04-18;2872.86;4703.29;8154.19;209
2022-04-19;2883.4;4719.71;8183.05;209
2022-04-20;2862.8;4685.98;8124.38;209
2022-04-21;2862.8;4685.98;8124.38;209
2022-04-22;2852.41;4669.43;8095.31;209
2022-04-23;2883.25;4720.42;8185.26;209
2022-04-24;2882.69;4719.89;8184.43;209
2022-04-25;2872.59;4717.88;8184.23;209
2022-04-26;2872.37;4718.27;8183.16;209
2022-04-27;2903.26;4769.0;8271.15;209
2022-04-28;2922.88;4802.36;8358.01;209
2022-04-29;2931.18;4819.71;8377.26;209
2022-04-30;2930.19;4817.77;8365.08;209
2022-05-01;2930.19;4817.77;8365.08;209
2022-05-02;2929.19;4813.02;8360.76;209
2022-05-03;2927.44;4809.34;8367.86;209
2022-05-04;2927.44;4809.34;8367.86;209
2022-05-05;2906.9;4775.59;8309.14;209
2022-05-06;2917.17;4792.47;8338.51;209
2022-05-07;2926.86;4790.49;8365.51;209
2022-05-08;2938.2;4815.25;8377.46;209
2022-05-09;2938.62;4813.4;8377.46;209
2022-05-10;2941.69;4813.23;8376.27;209
2022-05-11;2939.15;4811.08;8372.83;209
2022-05-12;2937.77;4812.94;8372.83;209
2022-05-13;2962.84;4876.1;8461.73;209
2022-05-14;2962.34;4873.89;8463.41;209
2022-05-15;2962.34;4875.9;8467.6;209
2022-05-16;2961.51;4878.65;8465.84;209
2022-05-17;2955.4;4865.35;8455.16;209
2022-05-18;2935.0;4831.56;8396.44;209
2022-05-19;2923.3;4814.0;8364.42;209
2022-05-20;2913.05;4797.11;8335.08;209
2022-05-21;2922.44;4813.55;8362.39;209
2022-05-22;2920.36;4811.18;8361.88;209
2022-05-23;2889.87;4761.6;8274.6;209
2022-05-24;2889.87;4760.82;8273.68;209
2022-05-25;2856.87;4709.84;8186.88;209
2022-05-26;2887.91;4773.82;8274.73;209
2022-05-27;2866.87;4739.46;8215.44;209
2022-05-28;2856.73;4723.51;8182.03;209
2022-05-29;2856.22;4724.37;8194.76;209
2022-05-30;2851.35;4721.59;8191.84;209
2022-05-31;2851.47;4723.47;8191.26;209
2022-06-01;2851.2;4722.97;8189.79;209
2022-06-02;2872.14;4757.53;8249.56;209
2022-06-03;2862.28;4741.12;8220.64;209
2022-06-04;2852.06;4724.19;8191.28;209
2022-06-05;2851.36;4724.82;8193.18;209
2022-06-06;2851.36;4725.48;8192.12;209
2022-06-07;2871.93;4761.97;8249.09;209
2022-06-08;2872.69;4756.02;8251.98;209
2022-06-09;2861.07;4736.71;8222.07;209
2022-06-10;2871.3;4754.88;8251.92;209
2022-06-11;2901.95;4805.64;8340.01;209
2022-06-12;2912.17;4822.56;8369.38;209
2022-06-13;2912.17;4850.08;8369.58;209
2022-06-14;2942.39;4884.25;8456.74;209
2022-06-15;2932.02;4880.96;8455.03;209
2022-06-16;2920.88;4860.68;8422.37;209
2022-06-17;2901.15;4840.59;8393.02;209
2022-06-18;2891.01;4822.56;8362.79;209
2022-06-19;2890.8;4822.3;8362.79;209
2022-06-20;2890.5;4819.63;8362.26;209
2022-06-21;2890.5;4818.98;8362.26;209
2022-06-22;2890.5;4817.01;8359.69;209
2022-06-23;2889.09;4815.56;8348.62;209
2022-06-24;2889.16;4813.14;8346.59;209
2022-06-25;2888.97;4812.85;8346.06;209
2022-06-26;2888.0;4811.48;8346.08;209
2022-06-27;2887.99;4811.0;8346.01;209
2022-06-28;2877.43;4793.91;8317.58;209
2022-06-29;2887.56;4810.79;8346.87;209
2022-06-30;2904.72;4840.92;8401.81;209
2022-07-01;2914.84;4858.99;8431.09;209
2022-07-02;2914.48;4859.47;8429.8;209
2022-07-03;2913.18;4857.54;8428.98;209
2022-07-04;2913.18;4857.54;8428.98;209
2022-07-05;2913.18;4857.54;8428.06;209
2022-07-06;2963.76;4940.98;8572.91;209
2022-07-07;2963.76;4940.98;8572.91;209
2022-07-08;2982.49;4973.24;8627.52;209
2022-07-09;2980.38;4969.7;8622.64;209
2022-07-10;2970.28;4952.88;8592.21;209
2022-07-11;2980.38;4969.59;8620.39;209
2022-07-12;3010.69;5020.13;8708.06;209
2022-07-13;3029.55;5051.7;8762.36;209
2022-07-14;3029.55;5049.13;8757.27;209
2022-07-15;3026.63;5045.86;8748.29;209
2022-07-16;2995.21;4995.25;8658.33;209
2022-07-17;2995.21;4995.25;8658.33;209
2022-07-18;2994.27;4993.68;8657.78;209
2022-07-19;2994.27;4996.15;8651.89;209
2022-07-20;2964.3;4944.64;8565.09;209
2022-07-22;2964.3;4944.64;8558.78;209
2022-07-22;2964.15;4940.72;8560.02;209
2022-07-23;2964.55;4941.68;8560.86;209
2022-07-24;2964.55;4941.68;8560.86;209
2022-07-25;2964.42;4942.08;8560.29;209
2022-07-26;2964.42;4942.08;8560.29;209
2022-07-27;2994.85;4990.71;8646.41;209
2022-07-29;2964.35;4940.59;8558.43;209
2022-07-29;2964.35;4940.78;8558.94;209
2022-07-30;2963.14;4939.48;8547.68;209
2022-07-31;2963.14;4937.76;8548.03;209
2022-08-01;2963.14;4937.87;8548.26;209
2022-08-02;2932.71;4887.01;8460.25;209
2022-08-03;2962.94;4952.1;8547.47;209
2022-08-04;2962.78;4949.66;8536.68;209
2022-08-05;2962.78;4949.66;8538.45;209
2022-08-06;2962.78;4949.66;8538.45;209
2022-08-07;2962.78;4949.69;8539.25;209
2022-08-08;2962.3;4948.94;8539.25;209
2022-08-09;2959.9;4945.85;8534.26;209
2022-08-10;2959.36;4944.25;8532.16;209
2022-08-11;2928.53;4893.14;8445.09;209
2022-08-12;2928.52;4893.13;8445.08;209
2022-08-13;2927.97;4892.52;8445.32;209
2022-08-14;2926.25;4891.13;8449.43;209
2022-08-16;2932.42;4946.12;8539.62;209
2022-08-17;2930.47;4944.6;8538.32;209
2022-08-18;2929.87;4944.1;8537.25;209
2022-08-19;2959.56;4994.24;8623.96;209
2022-08-20;2989.45;5044.69;8710.66;209
2022-08-21;2989.43;5044.31;8710.17;209
2022-08-22;2987.47;5044.12;8709.95;209
2022-08-23;3017.2;5095.41;8796.53;209
2022-08-24;3007.24;5077.75;8770.68;209
2022-08-25;2986.67;5043.25;8712.78;209
2022-08-26;2986.67;5042.63;8710.4;209
2022-08-27;2986.67;5042.63;8710.4;209
2022-08-28;2984.28;5039.53;8703.77;209
2022-08-29;3010.19;5086.43;8783.22;209
2022-08-30;2974.46;5027.04;8681.34;209
2022-08-31;2974.46;5027.04;8681.34;209
2022-09-01;2973.91;5026.27;8680.2;209
2022-09-02;2972.89;5019.05;8678.25;209
2022-09-03;2964.55;5015.99;8672.78;209
2022-09-04;2958.23;5018.48;8672.24;209
2022-09-05;2964.25;5039.63;8712.53;209
2022-09-06;2934.9;4989.74;8626.26;209
2022-09-07;2964.11;5035.6;8706.29;209
2022-09-08;2934.6;4986.16;8619.81;209
2022-09-09;2905.25;4935.35;8533.88;209
2022-09-10;2885.57;4902.69;8476.69;209
2022-09-11;2885.57;4902.69;8476.69;209
2022-09-12;2902.97;4935.5;8531.56;209
2022-09-13;2902.81;4935.53;8531.15;209
2022-09-14;2931.45;4984.46;8620.29;209
2022-09-15;2931.01;4983.69;8620.25;209
2022-09-16;2928.18;4973.98;8615.07;209
2022-09-17;2928.18;4972.29;8612.19;209
2022-09-18;2928.18;4972.29;8621.73;209
2022-09-19;2928.32;4971.5;8621.73;209
2022-09-20;2928.28;4971.14;8621.76;209
2022-09-22;2928.21;4970.36;8619.88;209
2022-09-22;2957.49;5020.07;8706.08;209
2022-09-23;2954.87;5020.07;8696.35;209
2022-09-24;3010.94;5117.01;8864.86;209
2022-09-25;3010.52;5117.01;8863.8;209
2022-09-26;3009.52;5117.63;8881.63;209
2022-09-27;3008.91;5114.57;8880.13;209
2022-09-28;3036.3;5164.06;8966.34;209
2022-09-29;3036.21;5163.82;8966.34;209
2022-09-30;3006.06;5112.73;8879.05;209
2022-10-01;2976.2;5061.66;8792.64;209
2022-10-02;2975.1;5058.09;8782.44;209
2022-10-03;2973.54;5055.94;8780.18;209
2022-10-04;2971.07;5050.44;8775.03;209
2022-10-05;2941.59;5000.44;8686.64;209
2022-10-06;2939.95;5000.44;8688.92;209
2022-10-07;2939.95;5001.37;8691.95;209
2022-10-08;2998.32;5100.63;8864.23;209
2022-10-09;2997.08;5097.59;8860.59;209
2022-10-10;2997.08;5097.59;8860.59;209
2022-10-11;2996.41;5096.17;8856.77;209
2022-10-12;2996.41;5096.17;8856.77;209
2022-10-13;2996.29;5095.98;8856.0;209
2022-10-14;2996.15;5093.11;8856.58;209
2022-10-15;2964.9;5041.3;8774.36;209
2022-10-16;2992.91;5089.56;8860.23;209
2022-10-17;2992.91;5089.56;8860.23;209
2022-10-18;2963.37;5039.43;8773.09;209
2022-10-19;2934.31;4990.02;8687.08;209
2022-10-20;2963.08;5035.83;8769.64;209
2022-10-21;2963.08;5035.83;8769.64;209
2022-10-22;2962.84;5033.96;8768.41;209
2022-10-23;2933.79;4984.36;8682.45;209
2022-10-24;2932.25;4982.44;8679.25;209
2022-10-25;2959.05;5031.16;8764.46;209
2022-10-26;2930.18;4982.8;8688.42;209
2022-10-27;2901.17;4933.46;8602.39;209
2022-10-28;2900.46;4932.1;8587.51;209
2022-10-29;2900.5;4932.4;8587.51;209
2022-10-30;2900.52;4933.19;8599.56;209
2022-10-31;2899.47;4936.67;8599.56;209
2022-11-01;2928.46;4987.05;8685.56;209
2022-11-02;2928.46;4986.07;8685.02;209
2022-11-03;2927.62;4985.26;8684.54;209
2022-11-04;2985.27;5083.57;8858.95;209
2022-11-05;2956.66;5032.84;8772.94;209
2022-11-06;2896.59;4927.58;8587.61;209
2022-11-07;2894.11;4923.55;8582.15;209
2022-11-08;2894.15;4923.64;8582.3;209
2022-11-09;2892.37;4928.55;8587.64;209
2022-11-10;2956.63;4992.08;8652.64;209
2022-11-11;2927.19;4943.14;8566.12;209
2022-11-12;2868.05;4843.24;8390.93;209
2022-11-13;2834.92;4789.59;8294.08;209
2022-11-14;2863.95;4838.18;8382.31;209
2022-11-15;2864.43;4838.98;8383.68;209
2022-11-16;2835.09;4789.49;8298.86;209
2022-11-17;2835.69;4790.38;8298.86;209
2022-11-18;2865.22;4840.28;8385.31;209
2022-11-19;2835.69;4790.38;8298.86;209
2022-11-20;2865.82;4836.9;8385.31;209
2022-11-21;2866.51;4839.32;8385.31;209
2022-11-25;2839.62;4794.79;8318.16;209
2022-11-26;2840.52;4796.82;8319.44;209
2022-11-27;2839.69;4797.05;8319.98;209
2022-11-28;2841.13;4797.96;8322.49;209
2022-11-29;2841.53;4797.98;8325.16;209
2022-11-30;2871.17;4848.0;8413.08;209
2022-12-01;2841.57;4798.02;8326.35;209
2022-12-02;2811.98;4747.68;8240.62;209
2022-12-03;2841.57;4797.66;8327.66;209
2022-12-04;2812.42;4749.27;8242.01;209
2022-12-05;2812.7;4750.92;8243.28;209
2022-12-06;2812.9;4751.22;8243.28;209
2022-12-07;2813.89;4744.76;8252.89;209
2022-12-08;2813.89;4744.77;8240.56;210
2022-12-09;2813.89;4744.77;8240.56;210
2022-12-10;2813.89;4743.76;8240.55;210
2022-12-11;2811.89;4744.79;8241.06;210
2022-12-12;2812.51;4742.76;8326.7;210
2022-12-13;2811.56;4741.67;8324.31;210
2022-12-14;2780.61;4691.37;8238.35;210
2022-12-15;2775.17;4689.95;8255.78;210
2022-12-16;2776.21;4690.22;8259.22;210
2022-12-17;2776.63;4695.54;8267.64;210
2022-12-18;2777.32;4698.17;8272.18;210
2022-12-19;2806.91;4749.05;8360.34;210
2022-12-20;2778.77;4700.31;8272.34;210
2022-12-21;2779.33;4701.66;8276.5;210
2022-12-22;2779.33;4702.06;8276.5;210
2022-12-23;2779.33;4702.86;8287.31;210
2022-12-24;2779.74;4706.4;8287.76;210
2022-12-25;2780.52;4703.49;8288.06;210
2022-12-26;2781.13;4703.34;8288.06;210
2022-12-27;2781.76;4707.04;8295.87;210
2022-12-28;2783.52;4710.24;8313.18;210
2022-12-29;2784.97;4720.78;8323.66;210
2022-12-30;2785.86;4720.62;8325.93;210
2022-12-31;2785.86;4720.62;8325.93;210
2023-01-01;2755.77;4670.77;8237.27;210
2023-01-02;2756.03;4676.56;8239.16;210
2023-01-03;2785.66;4726.84;8327.75;210
2023-01-04;2815.25;4776.48;8416.18;210
2023-01-05;2785.77;4726.99;8327.87;210
2023-01-07;2816.64;4780.24;8415.86;210
2023-01-07;2816.64;4780.24;8415.86;210
2023-01-08;2787.0;4729.03;8327.28;210
2023-01-09;2787.0;4729.74;8327.28;210
2023-01-10;2757.41;4679.67;8239.07;210
2023-01-11;2758.1;4681.43;8239.07;210
2023-01-12;2758.1;4687.37;8242.21;210
2023-01-13;2729.55;4640.16;8155.37;210
2023-01-14;2760.47;4692.58;8244.56;210
2023-01-15;2730.79;4642.77;8156.44;210
2023-01-16;2731.15;4643.67;8157.19;210
2023-01-17;2731.15;4643.67;8157.19;210
2023-01-18;2733.81;4644.13;8157.19;210
2023-01-19;2734.02;4644.19;8157.19;210
2023-01-20;2763.74;4694.67;8245.85;210
2023-01-21;2763.52;4696.33;8246.15;210
2023-01-22;2733.77;4645.86;8156.94;210
2023-01-23;2733.87;4646.08;8156.94;210
2023-01-24;2736.89;4647.28;8157.48;210
2023-01-25;2738.0;4648.72;8160.26;210
2023-01-26;2738.22;4650.38;8160.26;210
2023-01-27;2736.02;4650.92;8161.34;210
2023-01-28;2736.02;4650.92;8162.31;210
2023-01-29;2733.57;4651.14;8163.01;210
2023-01-30;2734.61;4649.01;8178.74;210
2023-01-31;2734.61;4650.03;8146.99;210
2023-02-01;2734.61;4650.03;8146.99;210
2023-02-02;2734.61;4649.96;8146.63;210
2023-02-03;2704.93;4599.02;8058.8;210
2023-02-04;2732.51;4646.13;8140.82;210
2023-02-05;2732.51;4646.39;8140.82;210
2023-02-06;2762.63;4698.5;8231.39;210
2023-02-07;2762.76;4696.29;8231.39;210
2023-02-08;2762.76;4696.73;8231.88;210
2023-02-09;2762.76;4696.73;8231.88;210
2023-02-10;2760.83;4696.72;8231.88;210
2023-02-11;2760.83;4696.72;8231.88;210
2023-02-12;2788.7;4742.5;8319.76;210
2023-02-13;2788.7;4742.5;8319.76;211
2023-02-14;2788.7;4744.38;8319.76;211
2023-02-15;2759.03;4693.91;8231.26;211
2023-02-16;2788.22;4744.12;8319.21;211
2023-02-17;2787.85;4744.14;8304.44;211
2023-02-18;2787.63;4743.75;8303.62;211
2023-02-19;2758.14;4693.44;8255.97;211
2023-02-20;2758.3;4696.08;8264.12;211
2023-02-21;2787.88;4746.7;8353.05;211
2023-02-22;2787.61;4746.44;8352.86;211
2023-02-23;2787.61;4746.36;8352.86;211
2023-02-24;2787.61;4745.96;8351.94;211
2023-02-25;2819.28;4796.6;8440.01;211
2023-02-26;2819.24;4796.26;8439.84;211
2023-02-27;2818.13;4793.75;8451.68;211
2023-02-28;2817.48;4799.79;8450.96;211
2023-03-01;2787.82;4752.15;8361.42;211
2023-03-02;2787.82;4752.15;8361.42;211
2023-03-03;2787.45;4751.52;8275.9;212
2023-03-04;2787.41;4750.46;8275.9;212
2023-03-05;2794.45;4759.09;8423.38;212
2023-03-06;2794.45;4758.69;8423.38;212
2023-03-07;2794.54;4758.25;8423.38;212
2023-03-08;2795.09;4754.5;8423.87;212
2023-03-09;2824.81;4803.75;8513.39;212
2023-03-10;2824.11;4803.27;8511.7;212
2023-03-11;2793.87;4753.1;8421.58;212
2023-03-12;2793.75;4753.1;8421.58;212
2023-03-13;2793.71;4753.03;8421.49;212
2023-03-14;2793.71;4753.03;8418.84;212
2023-03-15;2762.41;4701.05;8326.04;212
2023-03-16;2821.64;4800.91;8504.74;212
2023-03-19;2791.58;4750.19;8433.75;212
2023-03-19;2790.89;4750.64;8433.75;212
2023-03-20;2760.73;4700.63;8344.03;212
2023-03-21;2760.73;4699.93;8344.03;212
2023-03-22;2760.73;4699.93;8344.03;212
2023-03-23;2760.73;4699.46;8344.58;212
2023-03-24;2731.04;4648.3;8254.85;212
2023-03-25;2761.16;4699.47;8345.48;212
2023-03-26;2761.44;4700.56;8348.49;212
2023-03-27;2760.9;4701.07;8349.23;212
2023-03-28;2760.9;4700.82;8349.23;212
2023-03-29;2730.56;4648.01;8262.33;212
2023-03-30;2723.57;4644.17;8263.89;212
2023-03-31;2723.6;4644.23;8264.04;212
2023-04-01;2723.61;4644.23;8264.06;212
2023-04-02;2723.87;4644.29;8273.81;212
2023-04-03;2723.87;4645.06;8274.45;212
2023-04-04;2724.7;4646.36;8281.02;212
2023-04-05;2724.7;4646.36;8282.53;212
2023-04-06;2695.45;4604.21;8192.34;212
2023-04-07;2721.7;4657.02;8287.26;212
2023-04-08;2721.8;4657.43;8287.26;212
2023-04-09;2678.26;4601.27;8196.64;212
2023-04-10;2678.26;4601.27;8196.64;212
2023-04-11;2707.69;4652.75;8286.71;212
2023-04-12;2707.74;4653.04;8287.03;212
2023-04-13;2678.31;4604.57;8196.95;212
2023-04-14;2649.45;4553.72;8106.87;212
2023-04-15;2679.32;4609.0;8197.41;212
2023-04-16;2649.88;4558.35;8107.32;212
2023-04-17;2679.82;4611.17;8199.25;212
2023-04-18;2681.08;4611.9;8201.05;212
2023-04-19;2681.08;4611.74;8201.28;212
2023-04-20;2681.68;4612.57;8202.39;212
2023-04-21;2681.75;4638.63;8202.39;212
2023-04-22;2681.75;4638.63;8202.39;212
2023-04-23;2652.39;4588.04;8114.7;212
2023-04-24;2653.64;4590.61;8118.33;212
2023-04-25;2683.35;4669.25;8202.09;212
2023-04-26;2668.95;4674.41;8221.24;212
2023-04-27;2639.62;4623.3;8131.44;212
2023-04-28;2668.73;4674.34;8199.04;212
2023-04-29;2668.73;4674.34;8199.04;212
2023-04-30;2668.95;4676.32;8202.22;212
2023-05-01;2639.74;4626.79;8112.08;212
2023-05-02;2669.47;4678.59;8204.14;212
2023-05-03;2670.26;4678.88;8204.66;212
2023-05-04;2666.98;4678.1;8202.98;212
2023-05-05;2666.98;4679.69;8202.98;212
2023-05-06;2663.57;4680.08;8202.98;212
2023-05-07;2634.3;4628.81;8113.11;212
2023-05-08;2605.9;4579.3;8023.11;212
2023-05-09;2665.98;4687.63;8206.22;212
2023-05-10;2665.98;4688.06;8208.52;212
2023-05-12;2666.47;4688.7;8205.5;212
2023-05-12;2666.79;4688.14;8205.5;212
2023-05-13;2696.16;4739.26;8295.67;212
2023-05-14;2696.16;4738.97;8294.88;212
2023-05-15;2695.82;4739.66;8294.88;212
2023-05-16;2695.82;4739.66;8294.88;212
2023-05-17;2695.82;4739.66;8294.88;212
2023-05-18;2695.82;4739.66;8294.88;212
2023-05-19;2729.17;4791.68;8385.04;212
2023-05-20;2729.17;4791.68;8385.04;212
2023-05-21;2699.98;4740.42;8295.51;212
2023-05-22;2699.33;4739.33;8293.79;212
2023-05-23;2699.33;4739.27;8293.79;212
2023-05-24;2732.95;4799.34;8398.92;213
2023-05-25;2732.95;4799.34;8398.92;213
2023-05-26;2732.42;4797.62;8397.94;214
2023-05-27;2737.28;4801.7;8407.46;215
2023-05-28;2736.92;4792.91;8407.46;215
2023-05-29;2736.98;4792.77;8406.76;215
2023-05-30;2737.11;4793.69;8407.07;215
2023-05-31;2736.36;4793.69;8403.41;215
2023-06-01;2765.54;4845.44;8493.23;215
2023-06-02;2735.04;4795.71;8402.88;215
2023-06-03;2734.79;4795.26;8408.38;215
2023-06-04;2734.79;4794.8;8407.92;215
2023-06-05;2734.79;4795.49;8407.26;215
2023-06-06;2764.2;4846.95;8497.66;215
2023-06-07;2764.46;4846.5;8497.66;215
2023-06-08;2735.05;4794.96;8407.26;215
2023-06-09;2735.05;4795.15;8407.26;215
2023-06-10;2735.05;4795.46;8407.26;215
2023-06-11;2735.05;4796.38;8407.26;215
2023-06-12;2738.02;4796.23;8406.91;215
2023-06-13;2738.02;4796.23;8406.91;215
2023-06-14;2738.02;4796.23;8406.91;215
2023-06-15;2708.56;4746.19;8315.97;215
2023-06-16;2708.77;4747.48;8317.16;215
2023-06-17;2680.33;4698.74;8216.03;215
2023-06-18;2679.29;4698.74;8216.03;215
2023-06-19;2679.29;4698.74;8216.03;215
2023-06-20;2708.73;4750.86;8307.5;215
2023-06-21;2709.2;4756.24;8311.08;215
2023-06-22;2709.2;4756.24;8311.08;215
2023-06-23;2680.72;4706.23;8224.11;215
2023-06-24;2710.18;4757.95;8314.48;215
2023-06-25;2710.18;4757.95;8314.48;215
2023-06-26;2710.39;4759.48;8317.48;215
2023-06-27;2712.44;4763.18;8323.36;215
2023-06-28;2682.96;4711.61;8232.89;215
2023-06-29;2713.01;4781.71;8324.34;215
2023-06-30;2712.9;4782.05;8324.16;215
2023-07-01;2712.81;4781.58;8323.01;215
2023-07-02;2713.66;4770.4;8323.01;215
2023-07-03;2713.66;4770.62;8323.33;215
2023-07-04;2710.76;4775.71;8325.15;215
2023-07-05;2710.76;4774.46;8325.15;215
2023-07-06;2710.76;4774.51;8325.15;215
2023-07-07;2710.76;4774.51;8325.15;215
2023-07-08;2710.76;4774.51;8325.15;215
2023-07-09;2681.3;4722.62;8234.66;215
2023-07-10;2710.76;4774.22;8325.25;215
2023-07-11;2681.31;4722.34;8234.78;215
2023-07-12;2681.86;4724.01;8236.75;215
2023-07-13;2652.39;4672.1;8146.24;215
2023-07-14;2622.92;4619.75;8044.89;215
2023-07-15;2624.5;4643.71;8046.67;215
2023-07-16;2624.53;4645.6;8047.18;215
2023-07-17;2624.53;4645.6;8047.18;215
2023-07-18;2624.53;4645.6;8048.28;215
2023-07-19;2624.53;4645.6;8048.28;215
2023-07-20;2624.56;4647.25;8050.88;215
2023-07-21;2625.12;4647.85;8051.88;215
2023-07-22;2655.75;4680.69;8146.56;215
2023-07-23;2655.75;4680.69;8146.56;215
2023-07-24;2655.53;4680.67;8147.97;215
2023-07-25;2655.6;4681.75;8103.57;215
2023-07-26;2685.11;4733.77;8193.61;215
2023-07-27;2655.38;4681.43;8094.45;215
2023-07-28;2655.43;4682.32;8095.54;215
2023-07-29;2684.93;4734.35;8185.49;215
2023-07-30;2684.93;4734.02;8185.49;215
2023-07-31;2684.93;4734.02;8185.49;215
2023-08-01;2684.93;4734.02;8185.49;215
2023-08-02;2684.93;4734.02;8185.49;215
2023-08-03;2684.93;4734.02;8185.49;215
2023-08-04;2684.91;4733.6;8185.14;215
2023-08-06;2685.69;4739.35;8169.22;215
2023-08-07;2685.91;4741.42;8174.05;215
2023-08-08;2685.91;4742.0;8175.13;215
2023-08-09;2685.91;4742.0;8175.13;215
2023-08-10;2685.91;4741.06;8175.27;215
2023-08-11;2685.92;4741.13;8175.7;215
2023-08-12;2685.92;4741.13;8175.7;215
2023-08-13;2685.92;4741.13;8175.7;215
2023-08-14;2685.92;4741.13;8175.7;215
2023-08-15;2715.47;4791.8;8265.83;215
2023-08-16;2715.4;4791.92;8265.04;215
2023-08-17;2715.4;4791.92;8265.04;215
2023-08-18;2715.17;4791.6;8264.64;215
2023-08-19;2717.51;4792.14;8265.49;215
2023-08-20;2717.51;4790.81;8265.2;215
2023-08-21;2717.45;4790.56;8265.57;215
2023-08-22;2717.41;4790.2;8276.37;215
2023-08-23;2717.41;4790.2;8276.37;215
2023-08-24;2746.95;4842.27;8366.93;215
2023-08-25;2717.3;4794.02;8323.67;215
2023-08-26;2717.3;4794.52;8323.67;215
2023-08-27;2752.32;4847.13;8413.72;215
2023-08-28;2752.32;4847.13;8413.72;215
2023-08-29;2752.32;4847.13;8413.72;215
2023-08-30;2751.01;4848.43;8413.17;215
2023-08-31;2720.87;4795.36;8323.57;215
2023-09-01;2721.42;4796.0;8324.85;215
2023-09-02;2721.45;4796.01;8324.85;215
2023-09-03;2751.4;4849.72;8411.16;215
2023-09-04;2750.3;4846.76;8405.67;215
2023-09-05;2750.63;4845.38;8405.67;215
2023-09-06;2750.63;4845.38;8405.67;215
2023-09-07;2753.55;4845.3;8405.5;215
2023-09-08;2782.42;4897.4;8492.26;215
2023-09-09;2752.61;4846.23;8401.91;215
2023-09-10;2752.61;4845.97;8399.13;215
2023-09-11;2753.27;4843.9;8397.47;215
2023-09-12;2753.33;4844.12;8398.08;215
2023-09-13;2753.33;4844.12;8398.08;215
2023-09-14;2753.46;4844.2;8398.08;215
2023-09-15;2783.07;4896.3;8488.39;215
2023-09-16;2783.02;4898.03;8513.33;215
2023-09-17;2783.02;4897.8;8512.15;215
2023-09-18;2783.02;4897.03;8511.61;215
2023-09-19;2783.02;4897.03;8511.61;215
2023-09-20;2754.41;4842.75;8421.05;215
2023-09-21;2754.41;4842.75;8421.05;215
2023-09-22;2784.03;4894.82;8511.61;215
2023-09-23;2783.99;4894.13;8512.41;215
2023-09-24;2783.99;4893.08;8511.84;215
2023-09-25;2783.99;4893.08;8511.84;215
2023-09-26;2783.99;4869.58;8511.84;215
2023-09-27;2783.99;4869.58;8511.84;215
2023-09-28;2813.84;4921.74;8614.76;215
2023-09-29;2807.76;4901.59;8863.8;215
2023-09-30;2775.78;4851.13;8767.55;215
2023-10-01;2805.31;4902.63;8861.26;215
2023-10-02;2775.78;4851.02;8767.98;215
2023-10-03;2805.31;4902.63;8861.26;215
2023-10-04;2834.07;4953.13;8952.88;215
2023-10-05;2804.27;4902.93;8859.66;215
2023-10-06;2804.11;4902.8;8859.66;215
2023-10-07;2804.11;4902.8;8859.66;215
2023-10-08;2774.34;4851.44;8769.98;215
2023-10-09;2803.9;4903.13;8863.46;215
2023-10-10;2803.9;4903.17;8863.46;215
2023-10-11;2774.38;4853.07;8770.41;215
2023-10-12;2774.59;4853.8;8770.41;215
2023-10-13;2775.32;4855.14;8771.4;215
2023-10-14;2804.85;4906.8;8864.73;215
2023-10-15;2799.86;4906.8;8868.73;215
2023-10-16;2799.86;4906.8;8868.72;215
2023-10-17;2799.86;4905.92;8868.73;215
2023-10-18;2799.86;4905.92;8868.73;215
2023-10-19;2799.82;4905.58;8868.62;215
2023-10-20;2799.82;4905.58;8868.62;215
2023-10-21;2764.35;4848.8;8779.67;215
2023-10-22;2763.91;4851.73;8779.02;215
2023-10-23;2762.59;4850.48;8779.02;215
